﻿{"cameraMode":{"drawMode":0,"name":"Shaded","section":"Shading Mode"},"sceneLighting":true,"audioPlay":false,"sceneViewState":{"showFog":true,"showMaterialUpdate":false,"showSkybox":true,"showFlares":true,"showImageEffects":true,"showParticleSystems":true},"in2DMode":false,"pivot":{"x":-0.13854718208312989,"y":-1.1183593273162842,"z":2.079483985900879},"rotation":{"x":-0.13248492777347566,"y":-0.11657857149839401,"z":0.015693118795752527,"w":-0.9841803908348084},"size":14.626163482666016,"orthographic":false}