﻿{"cameraMode":{"drawMode":0,"name":"Shaded","section":"Shading Mode"},"sceneLighting":true,"audioPlay":false,"sceneViewState":{"showFog":true,"showMaterialUpdate":false,"showSkybox":true,"showFlares":true,"showImageEffects":true,"showParticleSystems":true},"in2DMode":false,"pivot":{"x":0.4776496887207031,"y":-0.816472053527832,"z":-0.9824352264404297},"rotation":{"x":-0.30192291736602785,"y":-0.25003835558891299,"z":0.08239156007766724,"w":-0.9162614941596985},"size":22.0,"orthographic":false}